{
     "taskMgmtPage": {

         "loginBtn": {
            "locatorType": "css",
            "locatorValue": ".island-button"
        },
        "signInButton": {
            "locatorType": "id",
            "locatorValue": "submitFrm"
        },
		"username": {
            "locatorType": "name",
            "locatorValue": "username"
        },
		"password": {
            "locatorType": "name",
            "locatorValue": "password"
        },
        "loginUsername": {
            "locatorType": "name",
            "locatorValue": "loginUserName"
        },
        "loginButton": {
            "locatorType": "id",
            "locatorValue": "loginBtn"
        },

        "assetsTab": {
            "locatorType": "id",
            "locatorValue": "profilePageLi"
        },

        "casesTab": {
            "locatorType": "id",
            "locatorValue": "notificationPageLi"
        },

        "casesHeaderTxt": {
            "locatorType": "xpath",
            "locatorValue": "//*[@class='voice voice-brand pull-left'][text()='M&D Cases']"
        },

        "billingTab": {
            "locatorType": "id",
            "locatorValue": "billingPageLi"
        },

        "billingHeaderTxt": {
            "locatorType": "xpath",
            "locatorValue": "(//*[@class='pull-left page-title'][text()='CSA Billing'])[1]"
        },

        "userNameTxt": {
            "locatorType": "xpath",
            "locatorValue": "(//*[@class='btn btn-inverse dropdown-toggle'])[2]"
        },

        "setting": {
            "locatorType": "id",
            "locatorValue": "settingsLi"
        },

        "mySetting": {
            "locatorType": "id",
            "locatorValue": "mySitesView"
        },

        "mySitesSearchKey": {
            "locatorType": "id",
            "locatorValue": "mySitesSearchKey"
        },

        "mySitesSelection": {
            "locatorType": "xpath",
            "locatorValue": "//*[@id='mysitesTreeViewBody']/ul/li[731]/input"
        },

        "myContactsSearchFld": {
            "locatorType": "xpath",
            "locatorValue": "(//*[@class='myfleetSearchBox search-query fontitalic'])[1]"
        },

        "mySitesApplyBtn": {
            "locatorType": "id",
            "locatorValue": "AddMySitesButtonTop"
        },

        "mySitesAddConformationMsg": {
            "locatorType": "id",
            "locatorValue": "addUnitMessage"
        },

        "tccViewandEditBtn": {
            "locatorType": "xpath",
            "locatorValue": "(//*[@class='btn btn-icon btn-small viewsmall'][@data-title='View'])[2]"
        },

        "termsAndCondtionpageHeader": {
            "locatorType": "xpath",
            "locatorValue": "//*[@id='ContractViewHeader']/h1"
        },

        "createNewVersionBtn": {
            "locatorType": "id",
            "locatorValue": "createnewversion"
        },

        "createVersionDesc": {
            "locatorType": "id",
            "locatorValue": "createVersionDesc"
        },
        "createNewVersionCommitBtn": {
            "locatorType": "id",
            "locatorValue": "confirmid1"
        },

        "billingCommitBtn": {
            "locatorType": "id",
            "locatorValue": "commit"
        },

        "billingConformationCommitBtn": {
            "locatorType": "id",
            "locatorValue": "confirmid3"
        },

        "billingConformationCommitTxt": {
            "locatorType": "xpath",
            "locatorValue": "(//*[@id='alertmodel']/p)[5]"
        },

        "billingConformationCommitMessage": {
            "locatorType": "xpath",
            "locatorValue": "//*[@id='invoiceButtonAction']/div/strong"
        },

        "billingbackbtnheader": {
            "locatorType": "id",
            "locatorValue": "backbtnheader"
        },

        "billingScheduleHeaderTxt": {
            "locatorType": "xpath",
            "locatorValue": "//*[@class='voice voice-brand pull-left titlColap'][text()='Billing Schedule']"
        },

        "billingScheduleFromDateCalenarIcon": {
            "locatorType": "xpath",
            "locatorValue": "//*[@id='MyInvoiceCustomers']/div[2]/span[1]/button"
        },

        "billingScheduleFromDateCalenarYr": {
            "locatorType": "xpath",
            "locatorValue": "/html/body/div[8]/div[1]/table/thead/tr[1]/th[2]"
        },

        "billingScheduleFromDateCalenarYrBackBtn": {
            "locatorType": "xpath",
            "locatorValue": "/html/body/div[8]/div[2]/table/thead/tr/th[1]"
        },

        "billingScheduleFromDateCalenarYrFrontBtn": {
            "locatorType": "xpath",
            "locatorValue": "/html/body/div[8]/div[2]/table/thead/tr/th[3]"
        },

        "billingScheduleFromDateCalenarMonth": {
            "locatorType": "xpath",
            "locatorValue": "/html/body/div[8]/div[2]/table/tbody/tr/td/span[1]"
        },

        "billingScheduleFromDateCalenarFrontDateBtn": {
            "locatorType": "xpath",
            "locatorValue": "/html/body/div[8]/div[1]/table/tbody/tr[2]/td[1]"
        },

        "billingScheduleFromDateCalenarDate": {
            "locatorType": "xpath",
            "locatorValue": "/html/body/div[8]/div[1]/table/tbody/tr[1]/td[2]"
        },
        "billingScheduleToDateCalenarIcon": {
            "locatorType": "xpath",
            "locatorValue": "//*[@id='MyInvoiceCustomers']/div[2]/span[2]/button"
        },
        "billingScheduleToDateCalenarMonth": {
            "locatorType": "xpath",
            "locatorValue": "/html/body/div[8]/div[1]/table/thead/tr[1]/th[2]"
        },
        "billingScheduleToDateCalenarMonthIcon": {
            "locatorType": "xpath",
            "locatorValue": "/html/body/div[8]/div[2]/table/tbody/tr/td/span[12]"
        },
        "billingScheduleToDateCalenar": {
            "locatorType": "xpath",
            "locatorValue": "/html/body/div[8]/div[1]/table/tbody/tr[6]/td[3]"
        },
        "billingScheduleSearchFld": {
            "locatorType": "xpath",
            "locatorValue": "(//*[@class='myfleetSearchBox search-query fontitalic'])[2]"
        },

        "billingScheduleFilterApplyBtn": {
            "locatorType": "xpath",
            "locatorValue": "(//*[@id='dateApplyInvoice'])[1]"
        },

        "billingScheduleFilterSearchFld": {
            "locatorType": "xpath",
            "locatorValue": "//*[@id='MyInvoiceCustomers']/div[2]/div[1]/input"
        },

        "billingScheduleCalculateBtn": {
            "locatorType": "xpath",
            "locatorValue": "(//*[@id='Calculate'])[1]"
        },
        "billingScheduleCalculatBtn": {
            "locatorType": "xpath",
            "locatorValue": "(//*[@id='Calculate'])[2]"
        },

        "billingScheduleCalculateConfChkBtn": {
            "locatorType": "xpath",
            "locatorValue": "//*[@id='projectBilledDiv']/label[1]/input"
        },
        "billingScheduleCalculateConfOkBtn": {
            "locatorType": "xpath",
            "locatorValue": "(//*[@id='invCalId'])[1]"
        },

        "billingScheduleCalculateUnitSnTxt": {
            "locatorType": "xpath",
            "locatorValue": "//*[@class='ui-grid-header-cell-label ng-binding'][text()='UNIT SN']"
        },
        "billingScheduleCalculateUnitSnValue": {
            "locatorType": "xpath",
            "locatorValue": "(//*[@class='ui-grid-cell-contents ng-binding ng-scope'])[2]"
        },

        "billingScheduleCalculatePeriodTxt": {
            "locatorType": "xpath",
            "locatorValue": "//*[@class='ui-grid-header-cell-label ng-binding'][text()='PERIOD/DATE']"
        },
        "billingScheduleCalculatePeriodValue": {
            "locatorType": "xpath",
            "locatorValue": "(//*[@class='ui-grid-cell-contents ng-binding ng-scope'])[2]"
        },

        "billingScheduleCalculateTypeTxt": {
            "locatorType": "xpath",
            "locatorValue": "//*[@class='ui-grid-header-cell-label ng-binding'][text()='TYPE']"
        },

        "billingScheduleCalculateTypeValue": {
            "locatorType": "xpath",
            "locatorValue": "(//*[@class='ui-grid-cell-contents ng-binding ng-scope'])[3]"
        },

        "billingSchedulePeriodEventTxt": {
            "locatorType": "xpath",
            "locatorValue": "//*[@id='myInvoiceCustomerTable']/tbody/tr[1]/td[7]"
        },

        "feeFrequency2_2Monthly": {
            "locatorType": "xpath",
            "locatorValue": "//*[@id='2-4-RADIO']"
        },

        "feeFrequency2_2Quarterly": {
            "locatorType": "xpath",
            "locatorValue": "//*[@id='2-5-RADIO']"
        },

        "backCalculatorBtn": {
            "locatorType": "xpath",
            "locatorValue": "(//*[@id='backCalculator'])[1]"
        },

        "invoiceOutputChkBox": {
            "locatorType": "xpath",
            "locatorValue": "//*[@id='Internal: pending ops data']"
        },

        "confirmInvoiceReasonBtn": {
            "locatorType": "xpath",
            "locatorValue": "//*[@id='confirmInvoiceReason']"
        },

        "monthly": {
            "locatorType": "xpath",
            "locatorValue": "//*[@id='3-8-RADIO']"
        },

        "quarterly": {
            "locatorType": "xpath",
            "locatorValue": "//*[@id='3-9-RADIO']"
        },
        "semiAnnually": {
            "locatorType": "xpath",
            "locatorValue": "//*[@id='3-10-RADIO']"
        },
        "annually": {
            "locatorType": "xpath",
            "locatorValue": "//*[@id='3-11-RADIO']"
        },

        "billingScheduleEventPeriodTxt": {
            "locatorType": "xpath",
            "locatorValue": "//*[@id='myInvoiceCustomerTable']/tbody/tr[1]/td[7]"
        },

        "billingScheduleInvoiceTxt": {
            "locatorType": "xpath",
            "locatorValue": "//*[@id='myInvoiceCustomerTable']/tbody/tr[1]/td[9]"
        },
        
        "billingCalcInvDateTxt": {
            "locatorType": "id",
            "locatorValue": "billingCalcInvDate"
        },

        "myContractsTitle": {
            "locatorType": "xpath",
            "locatorValue": "(//*[@id='MyCustomers']/h3[text()='My Contracts'])[1]"
        },

        "billingScheduleTitle": {
            "locatorType": "xpath",
            "locatorValue": "//*[@id='MyInvoiceCustomers']/h3"
        },

        "outageScheduleTitle": {
            "locatorType": "xpath",
            "locatorValue": "//*[@id='MyOutageCustomers']/h3"
        },

        "myContractsCustomersTitle": {
            "locatorType": "xpath",
            "locatorValue": "(//*[@tabindex='0'][text()='Customers'])[1]"
        },

        "myContractsContractTitle": {
            "locatorType": "xpath",
            "locatorValue": "(//*[@tabindex='0'][text()='Contract'])[1]"
        },

        "myContractsModelIDTitle": {
            "locatorType": "xpath",
            "locatorValue": "(//*[@tabindex='0'][text()='Model ID'])[1]"
        },

        "myContractsSiteTitle": {
            "locatorType": "xpath",
            "locatorValue": "(//*[@tabindex='0'][text()='Site'])[1]"
        },
        "myContractsStatusTitle": {
            "locatorType": "xpath",
            "locatorValue": "(//*[@tabindex='0'][text()='Status'])[1]"
        },
        "myContractsOpDataTitle": {
            "locatorType": "xpath",
            "locatorValue": "(//*[@tabindex='0'][text()='Op Data'])[1]"
        },
        "myContractsTandCsTitle": {
            "locatorType": "xpath",
            "locatorValue": "//*[@id='myCustomerTable']/thead/tr/th[7]"
        },

        "billingScheduleTotalAmount": {
            "locatorType": "xpath",
            "locatorValue": "//*[@id='myInvoiceCustomerTable']/tbody/tr[1]/td[8]"
        },

        "billingScheduleInvoiceTotalAmount": {
            "locatorType": "xpath",
            "locatorValue": "(//*[@class='ui-grid-cell-contents ng-binding ng-scope'][contains(.,'Total :')])[1]"
        },

        "billingOpsDataViewBtn": {
            "locatorType": "xpath",
            "locatorValue": "(//*[@class='btn btn-icon btn-small viewsmall'])[1]"
        },

        "billingOpsDataFromCalendarIcon": {
            "locatorType": "xpath",
            "locatorValue": "//*[@id='HoursMnDSection']/div[2]/span[1]/button"
        },

        "billingOpsDataCalendarJanBtn": {
            "locatorType": "xpath",
            "locatorValue": "/html/body/div[8]/div[2]/table/tbody/tr/td/span[1]"
        },
        "billingOpsDataToCalendarIcon": {
            "locatorType": "xpath",
            "locatorValue": "//*[@id='HoursMnDSection']/div[2]/span[2]/button"
        },
        "billingOpsDataToCalendarFebBtn": {
            "locatorType": "xpath",
            "locatorValue": "/html/body/div[8]/div[2]/table/tbody/tr/td/span[2]"
        },
        "billingOpsDataToCalendarApplyBtn": {
            "locatorType": "xpath",
            "locatorValue": "//*[@class='btn btn-primary datealign myfleetInputs myfleetButtons'][text()='Apply']"
        },

        "billingOpsBackToBillingBtn": {
            "locatorType": "xpath",
            "locatorValue": "//*[@class='button'][text()=' < Back To Billing']"
        },

        "billing293DeleteBtn": {
            "locatorType": "xpath",
            "locatorValue": "(//*[@class='glyphicon glyphicon-trash'])[2]"
        },

        "escalationBillingTypeTxt": {
            "locatorType": "xpath",
            "locatorValue": "(//*[@class='ui-grid-cell-contents small-grid-font ng-binding ng-scope'])[6]"
        },

        "opsDataUnitIdTxt": {
            "locatorType": "xpath",
            "locatorValue": "(//*[@class='btn btn-position borderprojId']/font)[1]"
        },
        "opsDataUnitIdTxt1": {
            "locatorType": "xpath",
            "locatorValue": "(//*[@class='btn btn-position borderprojId']/font)[2]"
        },

        "escalationBillingVariableTypeTxt": {
            "locatorType": "xpath",
            "locatorValue": "(//*[@class='ui-grid-cell-contents small-grid-font ng-binding ng-scope'])[16]"
        },

        "escalationBillingVariableTypeTxt1": {
            "locatorType": "xpath",
            "locatorValue": "(//*[@class='ui-grid-cell-contents small-grid-font ng-binding ng-scope'])[36]"
        },

        "escalationBillingVariableType": {
            "locatorType": "xpath",
            "locatorValue": "//*[@class='ui-grid-cell-contents small-grid-font ng-binding ng-scope'][contains(.,'Escalation')]"
        },

        "generalContractTermsAndConditions": {
            "locatorType": "xpath",
            "locatorValue": "//*[@id='generalContractWidget']/div[1]/h3"
        },
        "equipmentSNID": {
            "locatorType": "xpath",
            "locatorValue": "(//*[@class='ui-grid-cell-contents small-grid-font ng-binding ng-scope'])[3]"
        },

        "equipmentSNID1": {
            "locatorType": "xpath",
            "locatorValue": "(//*[@class='ui-grid-cell-contents small-grid-font ng-binding ng-scope'])[5]"
        },
        "proJectID": {
            "locatorType": "xpath",
            "locatorValue": "(//*[@class='ui-grid-cell-contents ng-binding ng-scope'])[5]"
        },
        "projectID1": {
            "locatorType": "xpath",
            "locatorValue": "(//*[@class='ui-grid-cell-contents ng-binding ng-scope'])[6]"
        },
        "invoiceProjectID1": {
            "locatorType": "xpath",
            "locatorValue": "(//*[@class='btn btn-position borderprojId']/font)[1]"
        },
        "invoiceProjectID2": {
            "locatorType": "xpath",
            "locatorValue": "(//*[@class='btn btn-position borderprojId']/font)[2]"
        },
        "invoiceEquipmentID1": {
            "locatorType": "xpath",
            "locatorValue": "(//*[@class='ui-grid-cell-contents ng-binding ng-scope'])[10]"
        },
        "invoiceEquipmentID2": {
            "locatorType": "xpath",
            "locatorValue": "(//*[@class='ui-grid-cell-contents ng-binding ng-scope'])[22]"
        },

        "termsCondtionRowBtn": {
            "locatorType": "xpath",
            "locatorValue": "//*[@id='28']/div[5]/div[2]/a"
        },

        "forcastTab": {
            "locatorType": "xpath",
            "locatorValue": "(//*[@id='forecast']/a)[1]"
        },

        "forcastSearchOption": {
            "locatorType": "xpath",
            "locatorValue": "(//*[@id='MyCustomers']/div[1]/div[1]/input)[2]"
        },

        "forcastViewEditBtn": {
            "locatorType": "xpath",
            "locatorValue": "(//*[@class='btn btn-icon btn-small viewsmall'])[1]"
        },

        "forcast1stSiteBtn": {
            "locatorType": "xpath",
            "locatorValue": "//*[@id='ForecastDashboard']/div[2]/section[5]/div[1]/h3/b"
        },

        "forcastCumilativeFFHTxt": {
            "locatorType": "xpath",
            "locatorValue": "(//*[@class='table table-bordered opsDataForecastDashboardTable opsDataTable']/tbody/tr[1]/td[3])[1]"
        }
 },


 
 "myFleetPage": {
   
    "myContactsSearchFld": {
        "locatorType": "xpath",
        "locatorValue": "(//*[@class='myfleetSearchBox search-query fontitalic'])[1]"
    },

    "myContactsCommitBtn": {
        "locatorType": "xpath",
        "locatorValue": "//*[@id='commit']"
    },

    "myContactsConformationCommitBtn": {
        "locatorType": "xpath",
        "locatorValue": "//*[@id='confirmid3']"
    },

    "monetizationTab": {
        "locatorType": "xpath",
        "locatorValue": "//*[@id='monetizationTab']/a"
    },

    "monetizationContractIDLbl": {
        "locatorType": "xpath",
        "locatorValue": "(//*[@id='unitframetypeLabel']/b)[4]"
    },

    "monetizationContractID": {
        "locatorType": "xpath",
        "locatorValue": "(//*[@id='contractNumber'])[1]"
    },

    "monetizationModelIDLbl": {
        "locatorType": "xpath",
        "locatorValue": "(//*[@id='unitconfigLabel']/b)[7]"
    },

    "monetizationModelID": {
        "locatorType": "xpath",
        "locatorValue": "(//*[@id='modelNum'])[1]"
    },

    "monetizationCustomerNameLbl": {
        "locatorType": "xpath",
        "locatorValue": "(//*[@id='unitcustomerLabel']/b)[2]"
    },

    "monetizationCustName": {
        "locatorType": "xpath",
        "locatorValue": "(//*[@id='customerName'])[1]"
    },

    "monetizationSiteNameLbl": {
        "locatorType": "xpath",
        "locatorValue": "(//*[@id='unitconfigLabel']/b)[8]"
    },
    "monetizationSiteName": {
        "locatorType": "xpath",
        "locatorValue": "(//*[@id='siteId'])[1]"
    },

    "monetizationBillingTypeOption": {
        "locatorType": "xpath",
        "locatorValue": "//*[@class='sorting_desc'][text()='Billing Type']"
    },

    "monetizationProjectIdOption": {
        "locatorType": "xpath",
        "locatorValue": "//*[@class='sorting'][text()='Project Id']"
    },

    "monetizationPeriodEventOption": {
        "locatorType": "xpath",
        "locatorValue": "(//*[@class='sorting'][text()='Period/Event'])[2]"
    },
    "monetizationMonetizedAmountOption": {
        "locatorType": "xpath",
        "locatorValue": "//*[@class='sorting'][text()='Monetized Amount']"
    },

    "monetizationInvoiceDateOption": {
        "locatorType": "xpath",
        "locatorValue": "(//*[@class='sorting'][text()='Invoice Date'])[2]"
    },
    "monetizationPaymentTermsOption": {
        "locatorType": "xpath",
        "locatorValue": "//*[@class='sorting'][text()='Payment Terms']"
    },
    "monetizationAlphaProvisionalInvoiceOption": {
        "locatorType": "xpath",
        "locatorValue": "//*[@class='sorting'][text()='Alpha Provisional Invoice#']"
    },
    "monetizationBillingStatusOption": {
        "locatorType": "xpath",
        "locatorValue": "//*[@class='sorting'][text()='Billing Status']"
    },
    "monetizationBillingBackBtn": {
        "locatorType": "xpath",
        "locatorValue": "//*[@id='backbtnheader']/span"
    },

    "monetizationMANLNumber": {
        "locatorType": "xpath",
        "locatorValue": "//*[@id='billingInvoiceNumber']/span"
    }

    
  }
}