[
	{
		"id": "Assets-Management-Module",
		"name": "Assets Management Module",
		"description": "",
		"line": 2,
		"keyword": "Feature",
		"tags": [
			{
				"name": "@regression",
				"line": 1
			}
		],
		"uri": "C:\\Users\\rmanchik\\Documents\\DPOD_Automation\\ren-planning-proui\\myFleet_Scenario\\Features\\myFleet_sample.feature",
		"elements": [
			{
				"name": "USxxxxxx: Login page validation",
				"id": "Assets-Management-Module;usxxxxxx:-login-page-validation",
				"line": 4,
				"keyword": "Scenario",
				"description": "",
				"type": "scenario",
				"steps": [
					{
						"name": "I login to <env>",
						"line": 5,
						"keyword": "Given ",
						"result": {
							"status": "passed",
							"duration": 11280259447
						},
						"match": {
							"location": "C:\\Users\\rmanchik\\Documents\\DPOD_Automation\\ren-planning-proui\\myFleet_Scenario\\step_definitions\\myFleet-spec.js:4"
						}
					},
					{
						"name": "I authenticate with valid <user_name> and <password>",
						"line": 6,
						"keyword": "When ",
						"result": {
							"status": "passed",
							"duration": 62495277371
						},
						"match": {
							"location": "C:\\Users\\rmanchik\\Documents\\DPOD_Automation\\ren-planning-proui\\myFleet_Scenario\\step_definitions\\myFleet-spec.js:12"
						}
					},
					{
						"keyword": "After ",
						"hidden": true,
						"result": {
							"status": "passed",
							"duration": 2092460
						},
						"match": {
							"location": "C:\\Users\\rmanchik\\Documents\\DPOD_Automation\\ren-planning-proui\\node_modules\\proui-utils\\Compressed_Utils\\Reporter.js:1"
						}
					}
				]
			},
			{
				"name": "USxxxxxx:USxxxxxx: Assets Management - Assets Management Tab validation",
				"id": "Assets-Management-Module;usxxxxxx:-assets-management---assets-management-tab-validation",
				"line": 8,
				"keyword": "Scenario",
				"description": "",
				"type": "scenario",
				"steps": [
					{
						"name": "I can able to see Myfleet Assets Management Tab",
						"line": 9,
						"keyword": "Then ",
						"result": {
							"status": "passed",
							"duration": 11120408190
						},
						"match": {
							"location": "C:\\Users\\rmanchik\\Documents\\DPOD_Automation\\ren-planning-proui\\myFleet_Scenario\\step_definitions\\myFleet-spec.js:24"
						}
					},
					{
						"name": "I can able to click on Assets Management Tab",
						"line": 10,
						"keyword": "And ",
						"result": {
							"status": "passed",
							"duration": 6109018330
						},
						"match": {
							"location": "C:\\Users\\rmanchik\\Documents\\DPOD_Automation\\ren-planning-proui\\myFleet_Scenario\\step_definitions\\myFleet-spec.js:30"
						}
					},
					{
						"keyword": "After ",
						"hidden": true,
						"result": {
							"status": "passed",
							"duration": 798303
						},
						"match": {
							"location": "C:\\Users\\rmanchik\\Documents\\DPOD_Automation\\ren-planning-proui\\node_modules\\proui-utils\\Compressed_Utils\\Reporter.js:1"
						}
					}
				]
			},
			{
				"name": "USxxxxxx:USxxxxxx:USxxxxxx: Cases Management Header validation",
				"id": "Assets-Management-Module;usxxxxxx:-cases-management-header-validation",
				"line": 12,
				"keyword": "Scenario",
				"description": "",
				"type": "scenario",
				"steps": [
					{
						"name": "I can able to click on Cases Management Tab",
						"line": 13,
						"keyword": "Then ",
						"result": {
							"status": "passed",
							"duration": 6165581467
						},
						"match": {
							"location": "C:\\Users\\rmanchik\\Documents\\DPOD_Automation\\ren-planning-proui\\myFleet_Scenario\\step_definitions\\myFleet-spec.js:36"
						}
					},
					{
						"name": "I can able to validate cases header",
						"line": 14,
						"keyword": "And ",
						"result": {
							"status": "passed",
							"duration": 6053068113
						},
						"match": {
							"location": "C:\\Users\\rmanchik\\Documents\\DPOD_Automation\\ren-planning-proui\\myFleet_Scenario\\step_definitions\\myFleet-spec.js:42"
						}
					},
					{
						"keyword": "After ",
						"hidden": true,
						"result": {
							"status": "passed",
							"duration": 673218
						},
						"match": {
							"location": "C:\\Users\\rmanchik\\Documents\\DPOD_Automation\\ren-planning-proui\\node_modules\\proui-utils\\Compressed_Utils\\Reporter.js:1"
						}
					}
				]
			},
			{
				"name": "USxxxxxx:USxxxxxx:USxxxxxx:USxxxxxx: Billing Management Header validation",
				"id": "Assets-Management-Module;usxxxxxx:-billing-management-header-validation",
				"line": 16,
				"keyword": "Scenario",
				"description": "",
				"type": "scenario",
				"steps": [
					{
						"name": "I can able to click on Billing Management Tab",
						"line": 17,
						"keyword": "Then ",
						"result": {
							"status": "passed",
							"duration": 6097752915
						},
						"match": {
							"location": "C:\\Users\\rmanchik\\Documents\\DPOD_Automation\\ren-planning-proui\\myFleet_Scenario\\step_definitions\\myFleet-spec.js:50"
						}
					},
					{
						"name": "I can able to validate Billing header",
						"line": 18,
						"keyword": "And ",
						"result": {
							"status": "passed",
							"duration": 6149300755
						},
						"match": {
							"location": "C:\\Users\\rmanchik\\Documents\\DPOD_Automation\\ren-planning-proui\\myFleet_Scenario\\step_definitions\\myFleet-spec.js:56"
						}
					},
					{
						"keyword": "After ",
						"hidden": true,
						"result": {
							"status": "passed",
							"duration": 703367
						},
						"match": {
							"location": "C:\\Users\\rmanchik\\Documents\\DPOD_Automation\\ren-planning-proui\\node_modules\\proui-utils\\Compressed_Utils\\Reporter.js:1"
						}
					}
				]
			}
		]
	}
]